{
    "uvs":[[0.430883,0.268448,0.558994,0.16591,0.558994,0.370988,0.443639,0.442899,0.868814,0.319609,0.932195,0.460349,0.805796,0.460349,0.661592,0.26845,0.335396,0.370986,0.404492,0.536898,0.998936,0.280037,0.069096,0,0.108243,0.093999,0,0.165912,0.793479,0.856507,0.730098,0.997247,0.663358,0.816935,0.535039,1,0.450239,0.857572,0.579854,0.844099,0.207286,0,0.525083,0.680686,0.65614,0.713788,0.872834,0.683434,0.742952,0.690482,0.791756,0.536898,0.939574,0.863745,0.991502,0.702798,0.378896,0.680684,0.662294,0.911137,0.223598,0.16591,0.326196,0.268448,0.223598,0.370988,0.193936,0.856213,0.253651,1,0.127332,0.993741,0.870537,0,0.919341,0.153584,0.789459,0.146536,0.095488,0.26845,0.108244,0.4429,0.722719,0.326848,0.45848,0.543157,0.542682,0.536898,0.584798,0.536899,0.93785,0.544137,0.388852,1,0.331147,0.844097,0.324993,0.82311,0.335396,0.165907,0.443639,0.093998,0.670791,0.43436,0.335396,0.434358,0.207286,0.536898,0.662293,0.619404,0.348262,0.536898,1e-06,0.370991,0.335395,0.102538,0.856497,0.997247,0.670791,0.1659,1,0.082506,0.047749,0.856214,0.203892,0.536898,0.119092,0.679326,0.057705,0.536898,0.724443,0.00724,0.017115,1,0.542681,0,0.670791,0.10254,0.248707,0.6928,0,0.6928,0.331147,0.625762]],
    "normals":[0.794656,0.577348,-0.187595,0.574602,0.748784,-0.330388,-0.534576,0.777864,-0.330387,0.889697,0.315095,-0.330385,-0.024747,0.943521,-0.330386,-0.303531,0.934171,-0.187597,0.024747,-0.943521,0.330386,0.303531,-0.934171,0.187597,-0.102381,-0.31509,-0.943524,-0.03853,-0.748779,0.661699,-0.102381,0.31509,-0.943524,0.408946,-0.628425,-0.661698,0.889697,-0.315095,-0.330385,-0.607061,0,-0.794656,0.268034,0.194736,-0.943523,0.574602,-0.748784,-0.330388,0.306569,-0.943522,-0.125629,-0.889697,-0.315095,0.330385,0.4713,-0.583122,0.661699,-0.408946,0.628425,0.661698,-0.802609,-0.583126,-0.125627,-0.794656,0.577348,0.187595,-0.700224,0.268032,-0.661699,0.03853,0.748779,-0.661699,0.794656,-0.577348,-0.187595,-0.331304,0,-0.943524,-0.187594,0.577345,-0.794658,0.491119,-0.356821,-0.794658,0.268034,-0.194736,-0.943523,-0.4713,-0.583122,-0.661698,-0.187594,-0.577345,-0.794658,0.187594,-0.577345,0.794658,0.534576,0.777865,0.330387,0.306569,0.943522,-0.125629,-0.794656,-0.577348,0.187595,-0.574602,0.748784,0.330388,0.724042,0.194736,-0.661696,0.491119,0.356821,-0.794658,-0.982246,-0,-0.187599,-0.904989,-0.268032,-0.330385,-0.024747,-0.943521,-0.330386,-0.904989,0.268031,-0.330385,-0.534576,-0.777865,-0.330387,-0.303531,-0.934171,-0.187597,-0.802609,0.583126,-0.125627,0.303531,0.934171,0.187597,-0.491119,-0.356821,0.794658,-0.408946,-0.628425,0.661699,-0.306569,0.943522,0.125629,0.802609,0.583126,0.125627,0.534576,-0.777864,0.330387,-0.574602,-0.748784,0.330388,-0.889697,0.315095,0.330385,0.024747,0.943521,0.330386,0.700224,-0.268032,0.661699,0.187594,0.577345,0.794658,-0.491119,0.356821,0.794658,0.904989,-0.268031,0.330385,-0.724042,0.194736,0.661695,0.982246,0,0.187599,0.331304,0,0.943524,0.607061,0,0.794656,0.992077,-0,-0.125628,-0.724042,-0.194736,0.661696,-0.306569,-0.943522,0.125629,-0.992077,0,0.125628,0.408946,0.628425,-0.661699,0.802609,-0.583126,0.125627,-0.700224,-0.268032,-0.661699,-0.4713,0.583122,-0.661699,0.724042,-0.194736,-0.661695,0.03853,-0.748779,-0.661699,0.4713,0.583122,0.661698,-0.03853,0.748779,0.661699,0.102381,-0.31509,0.943524,-0.268034,0.194736,0.943523,0.904989,0.268032,0.330385,-0.268034,-0.194736,0.943523,0.700224,0.268032,0.661699,0.102381,0.31509,0.943524],
    "faces":[40,6,1,19,0,1,2,0,0,0,40,6,19,35,0,2,3,1,1,1,40,5,22,34,4,5,6,2,2,2,40,1,31,19,1,7,2,3,3,3,40,2,35,22,8,3,9,4,4,4,40,5,2,22,4,10,5,5,5,5,40,10,37,21,11,12,13,6,6,6,40,20,10,21,14,15,16,7,7,7,40,29,25,30,17,18,19,8,8,8,40,13,37,10,20,12,11,9,9,9,40,28,27,30,21,22,19,10,10,10,40,23,32,29,23,24,25,11,11,11,40,11,23,31,26,23,27,12,12,12,40,25,18,28,18,28,21,13,13,13,40,27,24,30,22,29,19,14,14,14,40,20,32,23,14,24,23,15,15,15,40,20,21,32,14,16,24,16,16,16,40,0,38,9,30,31,32,17,17,17,40,14,10,36,33,34,35,18,18,18,40,3,39,12,36,37,38,19,19,19,40,7,9,33,39,32,40,20,20,20,40,8,12,5,41,38,4,21,21,21,40,18,34,28,28,42,21,22,22,22,40,22,35,27,9,3,43,23,23,23,40,11,20,23,26,14,23,24,24,24,40,25,28,30,18,21,19,25,25,25,40,28,22,27,21,44,22,26,26,26,40,24,23,29,45,23,25,27,27,27,40,24,29,30,29,17,19,28,28,28,40,26,33,25,46,47,18,29,29,29,40,29,26,25,17,46,18,30,30,30,40,14,13,10,33,48,34,31,31,31,40,16,40,6,49,50,0,32,32,32,40,2,6,35,8,0,3,33,33,33,40,7,0,9,39,30,32,34,34,34,40,12,39,5,38,37,4,35,35,35,40,19,31,24,2,7,51,36,36,36,40,27,19,24,43,2,51,37,37,37,40,9,8,18,32,52,53,38,38,38,40,9,18,33,32,53,40,39,39,39,40,21,26,32,16,54,24,40,40,40,40,8,34,18,55,42,28,41,41,41,40,7,33,26,39,40,56,42,42,42,40,21,7,26,13,39,56,43,43,43,40,8,5,34,41,4,6,44,44,44,40,2,16,6,8,49,0,45,45,45,40,13,15,0,20,57,30,46,46,46,40,13,0,37,20,30,12,47,47,47,40,39,2,5,37,10,4,48,48,48,40,40,1,6,50,1,0,49,49,49,40,36,10,20,58,15,14,50,50,50,40,37,0,7,12,30,39,51,51,51,40,38,12,8,59,38,41,52,52,52,40,39,16,2,37,60,10,53,53,53,40,17,14,36,61,33,35,54,54,54,40,3,4,16,62,63,64,55,55,55,40,15,3,12,65,36,38,56,56,56,40,17,36,11,61,35,66,57,57,57,40,15,12,38,65,38,59,58,58,58,40,1,17,11,1,67,68,59,59,59,40,4,41,14,63,69,33,60,60,60,40,17,4,14,61,63,33,61,61,61,40,1,11,31,1,68,7,62,62,62,40,15,38,0,57,31,30,63,63,63,40,37,7,21,12,39,13,64,64,64,40,38,8,9,31,52,32,65,65,65,40,35,19,27,3,2,43,66,66,66,40,36,20,11,58,14,26,67,67,67,40,33,18,25,47,28,18,68,68,68,40,34,22,28,42,44,21,69,69,69,40,31,23,24,27,23,45,70,70,70,40,32,26,29,24,54,25,71,71,71,40,4,40,16,63,70,64,72,72,72,40,3,16,39,36,60,37,73,73,73,40,41,13,14,69,48,33,74,74,74,40,41,3,15,69,62,71,75,75,75,40,40,17,1,50,67,1,76,76,76,40,41,15,13,69,71,48,77,77,77,40,40,4,17,70,63,61,78,78,78,40,41,4,3,69,63,62,79,79,79],
    "metadata":{
        "normals":80,
        "uvs":1,
        "type":"Geometry",
        "version":3,
        "faces":80,
        "vertices":42,
        "generator":"io_three"
    },
    "vertices":[-6.88189,-5.25736,-4.99997,9.51058,0,3.09013,0,0,10,-1.62456,-8.50654,4.99995,4.25323,-8.50654,3.09011,-5.87786,0,8.09017,5.87786,0,8.09017,-5.87786,-0,-8.09017,-9.51058,0,3.09013,-9.51058,-0,-3.09013,2.62869,-5.25738,-8.09012,9.51058,-0,-3.09013,-6.88189,-5.25736,4.99997,-1.62456,-8.50654,-4.99995,4.25323,-8.50654,-3.09011,-5.2573,-8.50652,0,2.62869,-5.25738,8.09012,8.50648,-5.25736,0,-8.50648,5.25736,-0,6.88189,5.25736,4.99997,5.87786,-0,-8.09017,0,-0,-10,-2.62869,5.25738,8.09012,6.88189,5.25736,-4.99997,5.2573,8.50652,-0,-4.25323,8.50654,-3.09011,-2.62869,5.25738,-8.09012,1.62456,8.50654,4.99995,-4.25323,8.50654,3.09011,1.62456,8.50654,-4.99995,0,10,-0,8.94426,4.47216,-0,2.76388,4.4722,-8.50649,-7.23607,4.4722,-5.25725,-7.23607,4.4722,5.25725,2.76388,4.4722,8.50649,7.23607,-4.4722,-5.25725,-2.76388,-4.4722,-8.50649,-8.94426,-4.47216,0,-2.76388,-4.4722,8.50649,7.23607,-4.4722,5.25725,0,-10,0],
    "name":"SuzanneGeometry.1"
}